1,https://image.ibb.co/gOYrMa/3.jpg
2,https://image.ibb.co/mEMT1a/2.jpg
3,https://image.ibb.co/dN881a/1.jpg
4,https://image.ibb.co/b5U3Zv/8.jpg
5,https://image.ibb.co/hSeRnF/7.jpg
6,https://image.ibb.co/iv8mnF/6.jpg
7,https://image.ibb.co/e0ZgMa/4.jpg
8,https://image.ibb.co/gbAo1a/5.jpg
9,https://image.ibb.co/dJgT1a/cat20170808_37.jpg
10,https://image.ibb.co/mcj3Zv/cat20170808_38.jpg
11,https://image.ibb.co/m9D81a/cat20170808_39.jpg
12,https://image.ibb.co/jNyxuv/cat20170808_40.jpg
13,https://image.ibb.co/iUiVEv/cat20170808_41.jpg
14,https://image.ibb.co/hxuFga/cat20170808_42.jpg
15,https://image.ibb.co/nzb6nF/cat20170808_43.jpg
16,https://image.ibb.co/iGbT1a/cat20170808_44.jpg
17,https://image.ibb.co/g5COZv/cat20170808_45.jpg
18,https://image.ibb.co/gEhe7F/cat20170808_46.jpg
19,https://image.ibb.co/h9Fz7F/cat20170808_47.jpg
20,https://image.ibb.co/hvRHuv/cat20170808_48.jpg
21,https://image.ibb.co/iywHuv/cat20170808_1.jpg
22,https://image.ibb.co/bHTVEv/cat20170808_2.jpg
23,https://image.ibb.co/ibLz7F/cat20170808_3.jpg
24,https://image.ibb.co/gp5o1a/cat20170808_4.jpg
25,https://image.ibb.co/nONCSF/cat20170808_5.jpg
26,https://image.ibb.co/eJ2qEv/cat20170808_6.jpg
27,https://image.ibb.co/csCqEv/cat20170808_7.jpg
28,https://image.ibb.co/fMJ81a/cat20170808_8.jpg
29,https://image.ibb.co/d3GiZv/cat20170808_9.jpg
30,https://image.ibb.co/iMAo1a/cat20170808_10.jpg
31,https://image.ibb.co/kJfXSF/cat20170808_11.jpg
32,https://image.ibb.co/gw66nF/cat20170808_12.jpg
33,https://image.ibb.co/k4nCSF/cat20170808_13.jpg
34,https://image.ibb.co/mrrHuv/cat20170808_14.jpg
35,https://image.ibb.co/ddoxuv/cat20170808_15.jpg
36,https://image.ibb.co/cWrHuv/cat20170808_16.jpg
37,https://image.ibb.co/neTxuv/cat20170808_17.jpg
38,https://image.ibb.co/n3TmnF/cat20170808_18.jpg
39,https://image.ibb.co/f7Z3Zv/cat20170808_19.jpg
40,https://image.ibb.co/eF6vga/cat20170808_20.jpg
41,https://image.ibb.co/bKAMMa/cat20170808_21.jpg
42,https://image.ibb.co/hVKsSF/cat20170808_22.jpg
43,https://image.ibb.co/bTRvga/cat20170808_23.jpg
44,https://image.ibb.co/io4gMa/cat20170808_24.jpg
45,https://image.ibb.co/dwh1Ma/cat20170808_25.jpg
46,https://image.ibb.co/mRVAEv/cat20170808_26.jpg
47,https://image.ibb.co/dqJxuv/cat20170808_27.jpg
48,https://image.ibb.co/gpKgMa/cat20170808_28.jpg
49,https://image.ibb.co/eQCOZv/cat20170808_29.jpg
50,https://image.ibb.co/cFoK7F/cat20170808_30.jpg
51,https://image.ibb.co/bMZsSF/cat20170808_31.jpg
52,https://image.ibb.co/ixhCSF/cat20170808_32.jpg
53,https://image.ibb.co/jFPRnF/cat20170808_33.jpg
54,https://image.ibb.co/j1W6nF/cat20170808_34.jpg
55,https://image.ibb.co/ePWiZv/cat20170808_35.jpg
56,https://image.ibb.co/deo81a/cat20170808_36.jpg
57,https://image.ibb.co/e4KfGa/cat20180809_1.jpg
58,https://image.ibb.co/gKerNF/cat20180809_2.jpg
59,https://image.ibb.co/b1W5hF/cat20180809_3.jpg
60,https://image.ibb.co/kyn0Ga/cat20180809_4.jpg
61,https://image.ibb.co/fydkhF/cat20180809_5.jpg
62,https://image.ibb.co/nK4rNF/cat20180809_6.jpg
63,https://image.ibb.co/mLe2Uv/cat20180809_7.jpg
64,https://image.ibb.co/i94rNF/cat20180809_8.jpg
65,https://image.ibb.co/mWDU9v/cat20180809_9.jpg
66,https://image.ibb.co/kvr5hF/cat20180809_10.jpg
67,https://image.ibb.co/gzjQhF/cat20180809_11.jpg
68,https://image.ibb.co/f77BNF/cat20180809_12.jpg
69,https://image.ibb.co/dmvy2F/cat20180809_13.jpg
70,https://image.ibb.co/gPbcwa/cat20180809_14.jpg
71,https://image.ibb.co/bAKK9v/cat20180809_15.jpg
72,https://image.ibb.co/hgQ4ba/cat20180809_16.jpg
73,https://image.ibb.co/dGAFhF/cat20180809_17.jpg
74,https://image.ibb.co/cdFFhF/cat20180809_18.jpg
75,https://image.ibb.co/jsumpv/cat20180809_19.jpg
76,https://image.ibb.co/fnJqGa/cat20180809_20.jpg
77,https://image.ibb.co/hzEVGa/cat20180809_21.jpg
78,https://image.ibb.co/cm3qGa/cat20180809_22.jpg
79,https://image.ibb.co/fnbAGa/cat20180809_23.jpg
80,https://image.ibb.co/bTJ1NF/cat20180809_24.jpg
81,https://image.ibb.co/krOCUv/cat20180809_25.jpg
82,https://image.ibb.co/ixGz9v/cat20180809_26.jpg
83,https://image.ibb.co/e0O1NF/cat20180809_27.jpg
84,https://image.ibb.co/mdmcwa/cat20180809_28.jpg
85,https://image.ibb.co/mCnHwa/cat20180809_29.jpg
86,https://image.ibb.co/fR6XUv/cat20180809_30.jpg
87,https://image.ibb.co/jR5gNF/cat20180809_31.jpg
88,https://image.ibb.co/cH9ahF/cat20180809_32.jpg
89,https://image.ibb.co/dcCHwa/cat20180809_33.jpg
90,https://image.ibb.co/dnE82F/cat20180809_34.jpg
91,https://image.ibb.co/jXKonF/cat20170810_50.jpg
92,https://image.ibb.co/bJPXEv/cat20170810_1.jpg
93,https://image.ibb.co/g9OsEv/cat20170810_2.jpg
94,https://image.ibb.co/eSkTnF/cat20170810_3.jpg
95,https://image.ibb.co/gcyQZv/cat20170810_4.jpg
96,https://image.ibb.co/bQjA1a/cat20170810_5.jpg
97,https://image.ibb.co/mLQuSF/cat20170810_6.jpg
98,https://image.ibb.co/kzPonF/cat20170810_7.jpg
99,https://image.ibb.co/kkponF/cat20170810_8.jpg
100,https://image.ibb.co/bQponF/cat20170810_9.jpg
101,https://image.ibb.co/bMxKuv/cat20170810_10.jpg
102,https://image.ibb.co/cHMZSF/cat20170810_11.jpg
103,https://image.ibb.co/bAEonF/cat20170810_12.jpg
104,https://image.ibb.co/cWFuSF/cat20170810_13.jpg
105,https://image.ibb.co/nrkpuv/cat20170810_14.jpg
106,https://image.ibb.co/hfZhEv/cat20170810_15.jpg
107,https://image.ibb.co/fSFYMa/cat20170810_16.jpg
108,https://image.ibb.co/fznDMa/cat20170810_17.jpg
109,https://image.ibb.co/kgCf1a/cat20170810_18.jpg
110,https://image.ibb.co/eseSga/cat20170810_19.jpg
111,https://image.ibb.co/dHw7ga/cat20170810_20.jpg
112,https://image.ibb.co/mm5B7F/cat20170810_21.jpg
113,https://image.ibb.co/jg5B7F/cat20170810_22.jpg
114,https://image.ibb.co/jtVYMa/cat20170810_23.jpg
115,https://image.ibb.co/nRh2Ev/cat20170810_24.jpg
116,https://image.ibb.co/ewfB7F/cat20170810_25.jpg
117,https://image.ibb.co/mZ5puv/cat20170810_26.jpg
118,https://image.ibb.co/jGynga/cat20170810_27.jpg
119,https://image.ibb.co/i0MjSF/cat20170810_28.jpg
120,https://image.ibb.co/kCHPSF/cat20170810_29.jpg
121,https://image.ibb.co/jxfNEv/cat20170810_30.jpg
122,https://image.ibb.co/ewW7ga/cat20170810_31.jpg
123,https://image.ibb.co/i539uv/cat20170810_32.jpg
124,https://image.ibb.co/gBrJnF/cat20170810_33.jpg
125,https://image.ibb.co/czKhEv/cat20170810_34.jpg
126,https://image.ibb.co/e4KhEv/cat20170810_35.jpg
127,https://image.ibb.co/fconga/cat20170810_36.jpg
128,https://image.ibb.co/mwQYMa/cat20170810_37.jpg
129,https://image.ibb.co/jY5YMa/cat20170810_38.jpg
130,https://image.ibb.co/b5bJnF/cat20170810_39.jpg
131,https://image.ibb.co/e4c2Ev/cat20170810_40.jpg
132,https://image.ibb.co/fMYynF/cat20170810_41.jpg
133,https://image.ibb.co/bOC2Ev/cat20170810_42.jpg
134,https://image.ibb.co/i6zhEv/cat20170810_43.jpg
135,https://image.ibb.co/ns3W7F/cat20170810_44.jpg
136,https://image.ibb.co/nfinga/cat20170810_45.jpg
137,https://image.ibb.co/hJDynF/cat20170810_46.jpg
138,https://image.ibb.co/kQxf1a/cat20170810_47.jpg
139,https://image.ibb.co/cqH2Ev/cat20170810_48.jpg
140,https://image.ibb.co/efr7ga/cat20170810_49.jpg
141,https://image.ibb.co/fsDt6a/cat20170812_56.jpg
142,https://image.ibb.co/fe6rsF/cat20170812_57.jpg
143,https://image.ibb.co/htMPCF/cat20170812_58.jpg
144,https://image.ibb.co/dCz0ma/cat20170812_1.jpg
145,https://image.ibb.co/i0Zpev/cat20170812_2.jpg
146,https://image.ibb.co/gze0ma/cat20170812_3.jpg
147,https://image.ibb.co/i3xLma/cat20170812_4.jpg
148,https://image.ibb.co/dfpuCF/cat20170812_5.jpg
149,https://image.ibb.co/hjQqma/cat20170812_6.jpg
150,https://image.ibb.co/b7ObRa/cat20170812_7.jpg
151,https://image.ibb.co/esoMsF/cat20170812_8.jpg
152,https://image.ibb.co/jrGwRa/cat20170812_9.jpg
153,https://image.ibb.co/cQm7XF/cat20170812_10.jpg
154,https://image.ibb.co/gkcszv/cat20170812_11.jpg
155,https://image.ibb.co/kS6wRa/cat20170812_12.jpg
156,https://image.ibb.co/eC6wRa/cat20170812_13.jpg
157,https://image.ibb.co/eC6wRa/cat20170812_13.jpg
158,https://image.ibb.co/hHNgsF/cat20170812_15.jpg
159,https://image.ibb.co/bsPSXF/cat20170812_16.jpg
160,https://image.ibb.co/i8aZCF/cat20170812_17.jpg
161,https://image.ibb.co/eXKuCF/cat20170812_18.jpg
162,https://image.ibb.co/khji6a/cat20170812_19.jpg
163,https://image.ibb.co/hcKuCF/cat20170812_20.jpg
164,https://image.ibb.co/nBeuCF/cat20170812_21.jpg
165,https://image.ibb.co/gXzSXF/cat20170812_22.jpg
166,https://image.ibb.co/fJv1sF/cat20170812_23.jpg
167,https://image.ibb.co/j3DXzv/cat20170812_24.jpg
168,https://image.ibb.co/fTxszv/cat20170812_25.jpg
169,https://image.ibb.co/jDFO6a/cat20170812_26.jpg
170,https://image.ibb.co/fOdt6a/cat20170812_27.jpg
171,https://image.ibb.co/f12aKv/cat20170812_28.jpg
172,https://image.ibb.co/fn8FKv/cat20170812_29.jpg
173,https://image.ibb.co/g7O4CF/cat20170812_30.jpg
174,https://image.ibb.co/bOWfma/cat20170812_31.jpg
175,https://image.ibb.co/btQ6Ra/cat20170812_32.jpg
176,https://image.ibb.co/hMmrsF/cat20170812_33.jpg
177,https://image.ibb.co/n72mRa/cat20170812_34.jpg
178,https://image.ibb.co/hkGD6a/cat20170812_35.jpg
179,https://image.ibb.co/iomD6a/cat20170812_36.jpg
180,https://image.ibb.co/h36fma/cat20170812_37.jpg
181,https://image.ibb.co/h5dFKv/cat20170812_38.jpg
182,https://image.ibb.co/goFvKv/cat20170812_39.jpg
183,https://image.ibb.co/iOLUev/cat20170812_40.jpg
184,https://image.ibb.co/iYNLma/cat20170812_41.jpg
185,https://image.ibb.co/gG6D6a/cat20170812_42.jpg
186,https://image.ibb.co/bto4CF/cat20170812_43.jpg
187,https://image.ibb.co/i6fHXF/cat20170812_44.jpg
188,https://image.ibb.co/bZhmRa/cat20170812_45.jpg
189,https://image.ibb.co/djvjCF/cat20170812_46.jpg
190,https://image.ibb.co/b4NWsF/cat20170812_47.jpg
191,https://image.ibb.co/cjVvKv/cat20170812_48.jpg
192,https://image.ibb.co/g0u0ma/cat20170812_49.jpg
193,https://image.ibb.co/dwL6Ra/cat20170812_50.jpg
194,https://image.ibb.co/fG0jCF/cat20170812_51.jpg
195,https://image.ibb.co/g4q6Ra/cat20170812_52.jpg
196,https://image.ibb.co/ggSWsF/cat20170812_53.jpg
197,https://image.ibb.co/jAZpev/cat20170812_54.jpg
198,https://image.ibb.co/mcz0ma/cat20170812_55.jpg
199,https://image.ibb.co/hNZ9ga/cat20170814_46.jpg
200,https://image.ibb.co/myrpga/cat20170814_1.jpg
201,https://image.ibb.co/jC8D7F/cat20170814_2.jpg
202,https://image.ibb.co/mtD21a/cat20170814_3.jpg
203,https://image.ibb.co/nfNjEv/cat20170814_4.jpg
204,https://image.ibb.co/e7eWuv/cat20170814_5.jpg
205,https://image.ibb.co/e8C6SF/cat20170814_6.jpg
206,https://image.ibb.co/jQLt7F/cat20170814_7.jpg
207,https://image.ibb.co/dOSvMa/cat20170814_8.jpg
208,https://image.ibb.co/deT21a/cat20170814_9.jpg
209,https://image.ibb.co/iS5zga/cat20170814_10.jpg
210,https://image.ibb.co/ezLAnF/cat20170814_11.jpg
211,https://image.ibb.co/mxmSZv/cat20170814_12.jpg
212,https://image.ibb.co/ffEs1a/cat20170814_13.jpg
213,https://image.ibb.co/nQjEEv/cat20170814_14.jpg
214,https://image.ibb.co/dnoKga/cat20170814_15.jpg
215,https://image.ibb.co/kAn1uv/cat20170814_16.jpg
216,https://image.ibb.co/nkgSZv/cat20170814_17.jpg
217,https://image.ibb.co/jB8VnF/cat20170814_18.jpg
218,https://image.ibb.co/dntwSF/cat20170814_19.jpg
219,https://image.ibb.co/gPnqnF/cat20170814_20.jpg
220,https://image.ibb.co/mvcqnF/cat20170814_21.jpg
221,https://image.ibb.co/kmwSZv/cat20170814_22.jpg
222,https://image.ibb.co/f9w5Ma/cat20170814_23.jpg
223,https://image.ibb.co/bRwSZv/cat20170814_24.jpg
224,https://image.ibb.co/hyVAnF/cat20170814_25.jpg
225,https://image.ibb.co/mrkMuv/cat20170814_26.jpg
226,https://image.ibb.co/m1nC1a/cat20170814_27.jpg
227,https://image.ibb.co/mynega/cat20170814_28.jpg
228,https://image.ibb.co/nJ1SZv/cat20170814_29.jpg
229,https://image.ibb.co/gTsC1a/cat20170814_30.jpg
230,https://image.ibb.co/hSNega/cat20170814_31.jpg
231,https://image.ibb.co/bXjguv/cat20170814_32.jpg
232,https://image.ibb.co/mOnega/cat20170814_33.jpg
233,https://image.ibb.co/icmSZv/cat20170814_34.jpg
234,https://image.ibb.co/gmkt7F/cat20170814_35.jpg
235,https://image.ibb.co/fx8D7F/cat20170814_36.jpg
236,https://image.ibb.co/mNFh1a/cat20170814_37.jpg
237,https://image.ibb.co/fSO21a/cat20170814_38.jpg
238,https://image.ibb.co/g4Vt7F/cat20170814_39.jpg
239,https://image.ibb.co/mvhvMa/cat20170814_40.jpg
240,https://image.ibb.co/mFmcZv/cat20170814_41.jpg
241,https://image.ibb.co/imVFMa/cat20170814_42.jpg
242,https://image.ibb.co/hzjWuv/cat20170814_43.jpg
243,https://image.ibb.co/iTKWuv/cat20170814_44.jpg
244,https://image.ibb.co/bxwBuv/cat20170814_45.jpg
